	(macro) Embedding Test Accuracy	(macro) Embedding Train Accuracy	(macro) Test # Features / Example	(macro) Test # Features / Example (Filter # Features > 0)	(macro) Test # Relevant Features / Example	(macro) Test # Relevant Features / Example (Filter # Relevant Features > 0)	(macro) Test % Examples with # Features > 0	(macro) Test % Examples with # Relevant Features > 0	(macro) Test Accuracy	(macro) Test Accuracy (Filter # Features > 0)	(macro) Test Accuracy (Filter # Relevant Features > 0)	(macro) Test Accuracy (Weighted # Features)	(macro) Test Accuracy (Weighted # Relevant Features)	(macro) Test F1_score	(macro) Test Mean Relevant Rule Length	(macro) Test Mean Rule Length	(macro) Test Positive Ratio	(macro) Test Precision	(macro) Test Recall	(macro) Train # Features / Example	(macro) Train # Features / Example (Filter # Features > 0)	(macro) Train # Relevant Features / Example	(macro) Train # Relevant Features / Example (Filter # Relevant Features > 0)	(macro) Train % Examples with # Features > 0	(macro) Train % Examples with # Relevant Features > 0	(macro) Train Accuracy	(macro) Train Accuracy (Filter # Features > 0)	(macro) Train Accuracy (Filter # Relevant Features > 0)	(macro) Train Accuracy (Weighted # Features)	(macro) Train Accuracy (Weighted # Relevant Features)	(macro) Train F1_score	(macro) Train Mean Relevant Rule Length	(macro) Train Mean Rule Length	(macro) Train Positive Ratio	(macro) Train Precision	(macro) Train Recall	(macro) True Test Accuracy	(macro) True Test Accuracy (Filter # Features > 0)	(macro) True Test Accuracy (Filter # Relevant Features > 0)	(macro) True Test Accuracy (Weighted # Features)	(macro) True Test Accuracy (Weighted # Relevant Features)	(macro) True Test F1_score	(macro) True Test Positive Ratio	(macro) True Test Precision	(macro) True Test Recall	(macro) True Train Accuracy	(macro) True Train Accuracy (Filter # Features > 0)	(macro) True Train Accuracy (Filter # Relevant Features > 0)	(macro) True Train Accuracy (Weighted # Features)	(macro) True Train Accuracy (Weighted # Relevant Features)	(macro) True Train F1_score	(macro) True Train Positive Ratio	(macro) True Train Precision	(macro) True Train Recall	Embedding Test Accuracy	Embedding Train Accuracy	Test # Features / Example	Test # Features / Example (Filter # Features > 0)	Test # Relevant Features / Example	Test # Relevant Features / Example (Filter # Relevant Features > 0)	Test % Examples with # Features > 0	Test % Examples with # Relevant Features > 0	Test Accuracy	Test Accuracy (Filter # Features > 0)	Test Accuracy (Filter # Relevant Features > 0)	Test Accuracy (Weighted # Features)	Test Accuracy (Weighted # Relevant Features)	Test F1_score	Test Mean Relevant Rule Length	Test Mean Rule Length	Test Positive Ratio	Test Precision	Test Recall	Train # Features / Example	Train # Features / Example (Filter # Features > 0)	Train # Relevant Features / Example	Train # Relevant Features / Example (Filter # Relevant Features > 0)	Train % Examples with # Features > 0	Train % Examples with # Relevant Features > 0	Train Accuracy	Train Accuracy (Filter # Features > 0)	Train Accuracy (Filter # Relevant Features > 0)	Train Accuracy (Weighted # Features)	Train Accuracy (Weighted # Relevant Features)	Train F1_score	Train Mean Relevant Rule Length	Train Mean Rule Length	Train Positive Ratio	Train Precision	Train Recall	True Test Accuracy	True Test Accuracy (Filter # Features > 0)	True Test Accuracy (Filter # Relevant Features > 0)	True Test Accuracy (Weighted # Features)	True Test Accuracy (Weighted # Relevant Features)	True Test F1_score	True Test Positive Ratio	True Test Precision	True Test Recall	True Train Accuracy	True Train Accuracy (Filter # Features > 0)	True Train Accuracy (Filter # Relevant Features > 0)	True Train Accuracy (Weighted # Features)	True Train Accuracy (Weighted # Relevant Features)	True Train F1_score	True Train Positive Ratio	True Train Precision	True Train Recall	Unnamed: 0	Unnamed: 0.1	Unnamed: 0.1.1	Unnamed: 0.1.1.1	Unnamed: 0.1.1.1.1	Unnamed: 0.1.1.1.1.1	Unnamed: 0.1.1.1.1.1.1	Unnamed: 0.1.1.1.1.1.1.1	dataset_name	model_name	split	timestamp
0	0.8685507839155604	0.9385625757736548	189.30389851741842	317.5468876935002	42.13368378319849	81.02801268719905	0.5417078078734142	0.4575457394109885	0.8591515412467501	0.8503740736958588	0.8513920028889966	0.8684415858066501	0.8837840022357123	0.7876939947480615	3.5492847260948928	3.686049517887445	0.4360386733595906	0.8352470616344068	0.7880712564979853	124.37411251263936	243.7639872295856	28.911748069571317	69.07632563163362	0.4687015307835663	0.3592002449934041	0.9306053319708416	0.98105811914242	0.9883655605339532	0.9839578495191984	0.9924219204852522	0.8880619882267115	3.600072488439493	3.749326782685465	0.32995120054045385	0.9913584856412748	0.8280877702681444	0.866449693295229	0.8711818341773816	0.9166918423816172	0.907425841766596	0.953923603531591	0.8220688121120943	0.5	0.9411524980691598	0.7637023951105267	0.9477640479462598	0.9551298514827072	0.954092476554348	0.9542904725717059	0.9489689021764376	0.901385908131295	0.28129833223007683	0.9488741292294879	0.8866206105436077	0.9168501100660396	0.9515012274186442	190.48699219531719	351.30596050931905	34.31038623173905	74.5916902327605	0.5422253352011207	0.4599759855913548	0.8651190714428657	0.9014578335486252	0.9005873395692843	0.9512419585371222	0.9613879346044596	0.8136454187184472	3.833253620610212	3.9027318517833702	0.4634780868521113	0.9128047364571352	0.7745043993696182	104.62345785862655	232.59092181213924	20.0682240196387	58.17157779500981	0.4498174608170202	0.3449833196953484	0.9218386101844276	0.9822984082560784	0.9850841581900288	0.9941523128550976	0.9969367883757138	0.8567199801343339	3.805780307387582	3.8923727157166574	0.3275162082205577	0.9892595250180682	0.7843315844692467	0.8638182909745847	0.9086547333456356	0.925386121383511	0.9520855668906308	0.9741293329211602	0.8220299998170472	0.5	0.9642636294768184	0.7518511106663999	0.9375432743752754	0.9590694420150429	0.9517629886420654	0.9738129532760336	0.9647987466434252	0.8731973437019317	0.2862560584125385	0.9441924156562068	0.8497702737843188	0.0	0.0	0.0	0.0	0.0	0.0	0.0	0.0	NELL186	Analogy	ghat_3nn_2negrate_bern___pra	1552996885
1	0.8685507839155604	0.9453711226451014	250.48764167846275	398.2433724264645	59.141178954273904	105.6312756453188	0.5617387423951802	0.4708469372030221	0.8345683973067398	0.8531831555753712	0.8450264677135049	0.8420983021479705	0.8523285403242838	0.7476579842056122	3.6407052456934172	3.7642301723657496	0.4360386733595906	0.8143857011778194	0.7477354412188536	234.6869759725361	326.2222505594724	63.8281148197821	112.54793805249528	0.6349038669053463	0.5052268305372446	0.9219443177160592	0.9819506650210263	0.9882644418817208	0.989278501541376	0.99406869868161	0.8618635307872619	3.726930470407905	3.846440013874255	0.3892574264096769	0.9857133601505662	0.8062865076117339	0.8477756336171751	0.8940889732470158	0.9095276062109988	0.9317127302765882	0.9478925493349124	0.7958929562892002	0.5	0.9341216653637882	0.7366040523111518	0.9094526215987228	0.9501205039955372	0.9479611611169392	0.9528580509570858	0.9424261127257146	0.8424048504587731	0.3508089335772097	0.9342364872836818	0.8208619050121883	0.9168501100660396	0.9605548373300156	259.25215129077446	456.3970406905056	71.31548929357615	147.3794458229942	0.5680408244946968	0.4838903342005203	0.8420052031218731	0.9039985908050028	0.8986765922249793	0.9306482601469876	0.9393779104762412	0.7677009896043298	3.878169341136228	3.9082963651394884	0.4634780868521113	0.8882450689496156	0.7343511159877263	191.75245195719157	324.9743340526827	50.16656784315251	107.60797314484684	0.5900541423253011	0.4661974979830283	0.9050225026001923	0.9810223547435876	0.9862388190404704	0.9930381417430812	0.9972218486932536	0.8169080525275405	3.863305190132273	3.901570478549689	0.3837495261331493	0.9863261379994966	0.7547050312118581	0.8431058635181109	0.9122776114144796	0.9179073614557486	0.9473165606958948	0.9603115919559664	0.7824554803416939	0.5	0.9511410157239752	0.7172303382029217	0.900939957424886	0.957794507684958	0.9506891015616856	0.9565012617024748	0.9508031992336348	0.8063394367134297	0.353227640774906	0.9393883981523669	0.7746068024903051	1.0	1.0	1.0	1.0	1.0	1.0	1.0	1.0	NELL186	Analogy	ghat_7nn_2negrate_bern___pra	1552996885
2	0.8685507839155604	0.9453711226451014	267.65771271017474	437.72526076315216	74.09366436472449	130.7474665889763	0.5450618393283333	0.46698724904632105	0.8410223395715516	0.8505018298467378	0.8482363250326809	0.8545996037109489	0.8727991422896182	0.7704965513486189	3.5944250214987616	3.729503476461399	0.4360386733595906	0.8224154774661989	0.7716809192234496	227.19827422669545	328.3352622079164	64.8449681386965	109.4773968811799	0.6192253270846142	0.4847626795930136	0.9265256127800428	0.9803679681856134	0.9861378615800992	0.9863262133140612	0.9936722707833244	0.8864998449330863	3.6775992587090895	3.804354646899292	0.3892574264096769	0.9852616100796284	0.8375717504869112	0.8579468183286946	0.9042084213351426	0.9182973206647732	0.9432455445054108	0.9624068216898836	0.8200327608196506	0.5	0.9373290440691548	0.7635954331727547	0.9175189285861408	0.9507102935304226	0.9497787732540024	0.9562575800286568	0.9526691545458604	0.8726157921433491	0.3508089335772097	0.9380948997453076	0.8573782271947956	0.9168501100660396	0.9605548373300156	267.75215129077446	481.71287128712873	62.293075845507296	134.43251997408768	0.55583350010006	0.4633780268160896	0.8467080248148889	0.9009900990099008	0.8969984884474196	0.9447000371835428	0.9582030239801336	0.8004168317305086	3.88105988688586	3.9118294116218193	0.4634780868521113	0.8878536618528062	0.7753369605375189	184.42578030074745	320.0332461836889	42.61783489020871	96.37939372623156	0.5762706921858142	0.4421882442139641	0.9023980092732098	0.9803660285063676	0.9844804466817612	0.9937279329849502	0.9984770988927776	0.8532242066291826	3.8659265417463526	3.903409767402613	0.3837495261331493	0.9696959605347168	0.8089773088298099	0.8478086852111266	0.9114311431143114	0.9201036493198014	0.9586870285491133	0.9840046774833467	0.8129133161266505	0.5	0.9394449143717692	0.7566539923954373	0.8996374311070502	0.9593489078181664	0.95095733221956	0.9662131859771884	0.9671010481491744	0.8450734352614697	0.353227640774906	0.924399905774522	0.8323810359217356	2.0	2.0	2.0	2.0	2.0	2.0	2.0	2.0	NELL186	Analogy	ghat_5nn_2negrate_bern___pra	1552996885
3	0.8685507839155604	0.9387238325907584	61.0252770728555	113.54689334061312	23.674068447345125	48.902037892598074	0.4953080842946749	0.4645136315409413	0.881459505403669	0.8565364995777142	0.8597883106339094	0.8836168260602991	0.8806858824427831	0.8280551757737219	3.5693061650458584	3.630572942071199	0.4360386733595906	0.8428065816551455	0.8488178006322019	37.41708812756836	83.19728980777941	14.9999332657315	40.65615715158342	0.41146414314088003	0.3684201199928443	0.9138240793925302	0.9822602670460284	0.9912895796518492	0.9872161240283372	0.9941528305372874	0.8676448728039058	3.6425083989520974	3.710069397674971	0.3481480295235431	0.9924196078314812	0.7935716133294359	0.8973235864414218	0.9112204311763956	0.9407491676630998	0.9438232650012234	0.9594372892314538	0.8704003676457478	0.5	0.9529563628536868	0.8262529214229275	0.9320915604544012	0.9479408376987504	0.9503961810464926	0.9552875944966948	0.9457027130184166	0.8758268449739682	0.3006580915646579	0.9466561386338341	0.8342686344573593	0.9168501100660396	0.9515191124964392	70.3944366619972	140.33951725513666	27.072343406043625	57.37086513994911	0.5016009605763458	0.4718831298779267	0.8969381628977386	0.9090365050867744	0.9120016963528412	0.9723974516788388	0.9714703893022276	0.8706674736522231	3.816913745883553	3.865350337302885	0.4634780868521113	0.909665970805716	0.8560421764458002	33.90126187723091	84.47780515304629	13.490665795250786	37.49550535631113	0.4013037722252945	0.35979421178757565	0.913252224624202	0.9862404476552388	0.9868653935724266	0.9977973198087978	0.9969050785158536	0.8534767092914876	3.8130370539676544	3.862287010810732	0.34553315569855714	0.9917400728234184	0.7685671529181038	0.9044426655993596	0.9397566327548376	0.9541984732824428	0.975487618013367	0.9809654754380712	0.8876075258918038	0.5	0.9675870526946012	0.8367020212127276	0.9277981666750456	0.9534597235561866	0.9504657661853748	0.9787628708001522	0.9717090761382982	0.8644414571757968	0.3047777051597875	0.9431604513955232	0.8187046649545154	3.0	3.0	3.0	3.0	3.0	3.0	3.0	3.0	NELL186	Analogy	g_2negrate_bern___pra	1552996885
4	0.8884417214190872	0.9261740110871174	348.3132751210213	550.6587555630972	92.03545121092588	158.920173334939	0.6110785141967733	0.5332985770880915	0.8965169394854167	0.8422756284522883	0.8412983465294459	0.8559597051142563	0.8692492620233687	0.8334612991316556	3.5571272963144223	3.6867318238356654	0.4322566196483459	0.8496996072467226	0.8381178727970859	273.67515985988257	389.51637331311775	81.8317402229681	136.18312256076572	0.6791579566863909	0.5529244356231776	0.9722038698958472	0.9796571454301098	0.991593979044972	0.9490352645057348	0.9947942565062522	0.9634757239199424	3.666218813527038	3.7807279796273385	0.3765076666291722	0.9965650038187601	0.9354011406207844	0.8985511392243264	0.8720736720939781	0.903028326524998	0.908968008945516	0.9372718733349954	0.874260280306388	0.5	0.941519715167173	0.8341232282016673	0.9416931155258372	0.9187169618426064	0.9064085942596644	0.7825035823344859	0.7389180703583016	0.9127782209625004	0.3041612096894144	0.8585816314834864	0.9811338082750442	0.9278	0.9416544441185098	376.2183	572.8921882137962	115.6974	203.9799012693935	0.6567	0.5672	0.9349	0.912745545911375	0.9127291960507756	0.9638502433294712	0.9745456682691228	0.9189512227195608	3.846212620162597	3.8791031696225295	0.4634	0.927692568882686	0.9176050589555748	236.66197320817443	351.31900193053	70.88734721814805	134.6317226266528	0.673638408135328	0.526527818519605	0.9764838173462403	0.9762239995355116	0.9874090031198928	0.9727473638023056	0.9980426638586228	0.9675960378373548	3.8242850102122175	3.8635072646758175	0.3691209543365601	0.9941705697356522	0.9440735471776196	0.9279	0.908938632556723	0.9211918194640338	0.9714697557242696	0.975253549345102	0.9194756620504664	0.5	0.9651048143785578	0.8874	0.9533783123105504	0.9346377716168552	0.9172856930619522	0.8740618887743964	0.8084500366845346	0.9299388515178272	0.3116749779994133	0.8820774850682717	0.9861497123958636	4.0	4.0	4.0	4.0	4.0	4.0	0.0		NELL186	Analogy	ghat_3nn_2negrate_bern___pra	1526567410_sfe_ar
5	0.8884417214190872	0.9261740110871174	969.5896161964996	1344.7752926507485	412.88361234066946	626.7392548865754	0.7067750208829838	0.5767677141015818	0.9006730663193131	0.864703921359005	0.8614923499418403	0.8788186255263526	0.8878315042889472	0.8501447662789451	3.6246796017955183	3.7787961254189737	0.4322566196483459	0.8408850366116638	0.8784485494310601	790.4664779505182	974.7784733181372	322.5504342984752	450.26675166886713	0.7975054013312675	0.6010605528008807	0.9723296069940096	0.9742257751310336	0.9909435747112072	0.9455604793179893	0.9926155889339828	0.9628582867991564	3.7153929587907233	3.855189975660755	0.3765076666291722	0.9958886381803403	0.9345197326913158	0.9135266313478176	0.8896734715563713	0.9148613760132104	0.9104455428554952	0.9474973140270794	0.896806893033422	0.5	0.937749832956986	0.8760635081263397	0.9449906679929772	0.9321473942588966	0.9181252619605068	0.7958890271892372	0.7659523540372128	0.919036419193614	0.3041612096894144	0.8653475591691171	0.9877459146439518	0.9278	0.9416544441185098	1065.6514	1413.3307692307694	515.1822	825.2157616530515	0.754	0.6243	0.9359	0.9220159151193634	0.9162261733141118	0.949065801443136	0.9640146728671914	0.9232575565090526	3.9145572187858977	3.9090375145192886	0.4634	0.9188014848462868	0.9344067982663448	694.3400508458003	882.5851945759848	299.23015547081263	505.3298105979293	0.7867116456438839	0.5921482350640461	0.97730517258238	0.9757261642865132	0.9886226654997604	0.9746175184488044	0.9986944758473456	0.9686267811430228	3.9064884994798414	3.9027716696922665	0.3691209543365601	0.9929274456954932	0.9472229068173688	0.9363	0.9200265251989392	0.928559987185648	0.9586387255719836	0.9699979929430792	0.9307045848572492	0.5	0.9612972543631966	0.9092	0.9555881490173072	0.9447282399294032	0.9277068643801912	0.8763664471267117	0.864873577344006	0.9336858785903528	0.3116749779994133	0.8837421826539881	0.9923715678628788	5.0	5.0	5.0	5.0	5.0	5.0	1.0		NELL186	Analogy	ghat_7nn_2negrate_bern___pra	1526567410_sfe_ar
6	0.8884417214190872	0.9261740110871174	635.3239368778151	931.7303532897637	251.50993502684392	429.3372560335121	0.6657736874476684	0.5543393574640861	0.9007664789925768	0.8578562509168962	0.8658397181759631	0.8753020484395633	0.8980176586395929	0.8491897201314856	3.6076941090842873	3.7361020428664777	0.4322566196483459	0.8538697518661756	0.8608712468551104	520.2246392106597	670.4300079347131	204.94050292545845	325.4873250348648	0.7512069336869747	0.5831006800603094	0.9734400975313444	0.9770473282740846	0.9916538876935608	0.942642350652102	0.9962383897200292	0.96504528727613	3.716375549373265	3.830216959699049	0.3765076666291722	0.9942518684821068	0.9402166764399332	0.9022703351874468	0.8765931572137309	0.9100691470415004	0.9074463038765912	0.945026682452398	0.8795990785019026	0.5	0.9336687958733674	0.8502227930680041	0.9410288278820708	0.9245901650442846	0.9126129237922416	0.7947016795289241	0.7405083129967254	0.9145807286706916	0.3041612096894144	0.8588753797147919	0.9868367639674506	0.9278	0.9416544441185098	699.4405	975.3737275135964	314.3995	532.5194783197832	0.7171	0.5904	0.9369	0.9202342769488217	0.9156504065040648	0.9489929450753852	0.9677343634452344	0.9238997895145622	3.8977247101219934	3.8967843583549993	0.4634	0.925702762205206	0.9280508408358056	455.18388579251	613.3368819088524	177.4923926860272	327.7448226053985	0.7421433460447834	0.5415566637332551	0.9753691209543366	0.9735042622432444	0.9871445337185158	0.968131509650269	0.9988024557095092	0.9659091931058242	3.8863939896476163	3.888062542823396	0.3691209543365601	0.9929255665072424	0.942155628204225	0.9309	0.9117277924975596	0.9205623306233064	0.9540076675571404	0.9662626689927942	0.9240128360997328	0.5	0.9619921135168852	0.8974	0.9556468172484599	0.9423576068195892	0.922433871987	0.8817164527938598	0.8583940511279464	0.9335237545332052	0.3116749779994133	0.8861599992133428	0.989363499325016	6.0	6.0	6.0	6.0	6.0	6.0	2.0		NELL186	Analogy	ghat_5nn_2negrate_bern___pra	1526567410_sfe_ar
7	0.8884417214190872	0.9261740110871174	63.4686659199163	117.04545453185614	25.538838190946322	49.3243449709616	0.5178078983404463	0.4894722135989425	0.913832110627438	0.8785853493187158	0.8797382400262228	0.9037612009614784	0.900994577729952	0.8594513496684346	3.5055100166116033	3.5668075643863864	0.4322566196483459	0.8583933374495286	0.8783428827620953	48.42030576536242	87.8965993903896	21.809973525197677	43.13925980177357	0.5256626236627859	0.4815215174990384	0.9464124004449296	0.9885866443121868	0.9927226141564196	0.9781722691077056	0.9952263876369754	0.9230099226829618	3.6474148904601873	3.692168553736325	0.3765076666291722	0.995672531744082	0.8680834548097167	0.9088778009189764	0.9288394817944938	0.9531231360069417	0.9551472044795492	0.9672350322213092	0.8877531778689643	0.5	0.943840543269298	0.8571009038729748	0.906239014757397	0.8895444177379269	0.8856037073123286	0.7467236664315675	0.7201944722711702	0.8507391711908905	0.3041612096894144	0.8314579122415229	0.883208139429037	0.9278	0.9416544441185098	75.2802	135.37169573817658	32.3256	61.25753268902786	0.5561	0.5277	0.9418	0.9250134867829528	0.9283683911313246	0.9717628274101292	0.9672457742470364	0.9296334685469654	3.7294837528151055	3.7987531914102246	0.4634	0.9246158726852448	0.9415365951237521	43.913317688471686	83.37073958565381	19.702640070401877	41.76489242631513	0.5267233792901144	0.47175124669991203	0.9556663733255109	0.9852231380411376	0.9892633586204036	0.9897346145581788	0.9973994895257492	0.9355125841670472	3.7336456923586185	3.7935794024290717	0.3691209543365601	0.9937422565344272	0.8888550845654523	0.941	0.9453335730983636	0.9547091150274776	0.9801568008586587	0.9801457668225804	0.9352911066850488	0.5	0.9668228773455236	0.9134	0.9220592549134644	0.906363703868716	0.8965924636239274	0.8531167230570372	0.8321727810921052	0.8764387378446072	0.3116749779994133	0.8567854496900354	0.902698654540223	7.0	7.0	7.0	7.0	7.0	7.0	3.0		NELL186	Analogy	g_2negrate_bern___pra	1526567410_sfe_ar
8	0.9998360290821942	0.9665685018270688	8.327183982475411	8.703514239821784	4.9554516659921415	5.578378903798461	0.9563869265849868	0.8763578485833524	0.7780056115232726	0.7728607910661436	0.7575227708846832	0.8140969014131114	0.8119599932872131	0.7795792695492765	3.21833700565756	3.346776654410907	0.4999457583502655	0.8174284501822582	0.7655602016673618	7.2695842312018275	7.647195096236973	4.407061851167456	4.86808731709302	0.9525261906531524	0.8984909454259614	0.7174222353230082	0.7111751544466146	0.7032674735461785	0.7293738057459781	0.7062188627028627	0.6345966020514692	3.1962454204512745	3.3335081104757416	0.3626431907317827	0.6058333281504026	0.6764819262981628	0.7780770503554943	0.7729346862528276	0.7576234750528941	0.8142887899567623	0.8121931618638939	0.7796830758061237	0.5001097292680716	0.8176440502952124	0.7655223508820905	0.7411070895795095	0.7357978402916995	0.729971180678647	0.7595834467485999	0.7395016345050359	0.6617708423591993	0.3960746889047139	0.6492221241724255	0.6775862273871215	0.9997471128719548	0.9530998415080696	8.26256006069291	8.60587370223227	4.875221276237039	5.595737990421363	0.9601070555508724	0.8712383039703279	0.7593357498103347	0.7525626111196471	0.7362004740941416	0.7914761206401837	0.8179943718957893	0.7755917272342169	3.1892374394287173	3.2513651724797548	0.4998946303633145	0.7856219043888456	0.7953884042366292	7.229790176863543	7.653101775621913	4.544487045281606	5.065562785117983	0.9446875775118028	0.8971336923574939	0.6980392404158626	0.6886943171198433	0.6836388259523849	0.7183712429025859	0.7233075250454795	0.6314018049751587	3.1732399245686915	3.261001954669007	0.3721155099278168	0.5861905751030243	0.6950172318774687	0.7594200455196829	0.7526504093592924	0.7363456049538	0.7917617802716317	0.8183747660359905	0.7757226820772151	0.5001475174913597	0.7859121166517983	0.7952996243902645	0.7310282636935767	0.7241489030305728	0.7223199788189701	0.7635272079284608	0.7646532070100978	0.6701720322219139	0.4190156684197472	0.6484147032956992	0.6967018763844227	8.0	8.0	8.0	8.0	8.0	0.0			FB13	-	1904121033	-
9	0.9998360290821942	0.9665685018270688	8.327183982475411	8.703514239821784	5.3838877310144815	5.7879947427009855	0.9563869265849868	0.9220996903320028	0.7766123266948612	0.7712721609223224	0.7652316770684303	0.8094441848147647	0.8079738668497625	0.7723983139141153	3.217522325275835	3.346776654410907	0.4999457583502655	0.823911186643515	0.7477643932938397	7.2695842312018275	7.647195096236973	4.7323804777007314	5.073983263684215	0.9525261906531524	0.9331208428934716	0.7191890033650523	0.7130228686097649	0.7095084799214598	0.7311928734361318	0.7102365321738506	0.6292105947662515	3.2012814981406343	3.3335081104757416	0.3626431907317827	0.6117005107124716	0.6580018527798722	0.7767300315698752	0.7713936967198948	0.7653708682543287	0.8096660236911527	0.8082212379637076	0.7725431721145491	0.5001097292680716	0.8241637954431679	0.7477743993389568	0.7408337574244301	0.7355536982596123	0.7328386296264765	0.7589582869060294	0.7388602944161305	0.6556737440725742	0.3960746889047139	0.6556443449351976	0.6593001528082073	0.9997471128719548	0.9530998415080696	8.26256006069291	8.60587370223227	5.367992919160415	5.9468633997151725	0.9601070555508724	0.9026595296299418	0.7631501306583495	0.7565354814635966	0.7457567763173254	0.7920346872409616	0.7951256664127951	0.7742803842591949	3.1459826791560985	3.2513651724797548	0.4998946303633145	0.7916731051671807	0.7842594606878144	7.229790176863543	7.653101775621913	4.756836803760084	5.195513423912794	0.9446875775118028	0.9155662618185793	0.6986320086434856	0.6893217925325976	0.6851039796494676	0.7171201733296855	0.7025137992274819	0.6264926087042089	3.1416979932293088	3.261001954669007	0.3721155099278168	0.5887262483081853	0.6789300410365195	0.7633187220770463	0.7567110779428873	0.7459668946840053	0.7923662564560352	0.7955025478757234	0.7744892924956288	0.5001475174913597	0.7920404896997193	0.7842604733383773	0.7287875157125621	0.7217769569667571	0.7192090291712393	0.7587860525658556	0.7493651095962022	0.664197544735069	0.4190156684197472	0.6515866597450758	0.6807700740145721	9.0	9.0	9.0	9.0	0.0				FB13	TransE	g_2negrate_bern__pra	1904121033
10	0.9998360290821942	0.9665634020700952	4.710654363567366	5.3966152160204	2.87261778037166	3.5164081548374964	0.8528722633095988	0.7764930505511074	0.5533612806946548	0.5963406073146562	0.6229831411233416	0.6120485847746593	0.6281638484436918	0.4623332072147561	3.065859991433041	3.1597322205460854	0.4999457583502655	0.5923968217331625	0.38963118450184	3.195746583466456	4.152372482730607	2.0676962486478883	2.948824657388468	0.7473166310279945	0.6624727197907444	0.7121833227391049	0.6981221951093599	0.6925331815067677	0.7062390033578081	0.7034202976080384	0.5843776541904468	3.077143695592784	3.1450266741709534	0.3626380909748092	0.6107979097352247	0.5698405552796906	0.553273795636338	0.596318545403605	0.6229668297656474	0.6120414980496095	0.6281770388843623	0.4623195981443782	0.5001097292680716	0.5925124866672097	0.3895686709119696	0.7114359094872735	0.7097068912604926	0.7111501611732507	0.7248996983582591	0.7285319786810884	0.6010201629024596	0.3960746889047139	0.6564800927125276	0.5719952267494629	0.9997471128719548	0.9530956374780865	3.7890499873556434	4.64102630288325	2.127012560060693	2.9239259538225326	0.8164250189665346	0.7274508977493046	0.5755289555761611	0.6204279703673111	0.6462238187664764	0.6164751554522298	0.6352755843100732	0.4753203929216018	3.0268797495318585	3.1483053204151323	0.4998946303633145	0.6348838626128744	0.3900009978932386	2.470237569734348	3.4846874629344087	1.4977907822438592	2.440122733841528	0.7088835357573771	0.6138178057485906	0.6659898178393808	0.6541365199857668	0.6493250323614621	0.6795918228418552	0.6773742193530279	0.5109258514404758	3.0428152410357168	3.117558561441009	0.3721113058978336	0.5549012472925811	0.481849986702264	0.5754025120121385	0.6204021579205493	0.6461948492134766	0.6164473464665903	0.6352755843100732	0.4753069026646715	0.5001475174913597	0.6350760378101771	0.3899221101542845	0.664215717186495	0.6692918989443719	0.6738272822535906	0.6992612170432344	0.7060079994386359	0.5342725505175623	0.4190156684197472	0.6186287830503829	0.485091858633063	10.0	10.0	10.0	10.0	1.0				FB13	TransE	ghat_7nn_2negrate_bern__pra	1904121033
11	0.9998360290821942	0.9665639323504808	2.418384254850886	2.8808679009754465	1.6292043541630463	2.1305058074657817	0.8217587166596786	0.7130174043891541	0.5412818056611107	0.5537037112534083	0.5745272682777419	0.5576211151211996	0.5640103563534591	0.4550008941486271	2.9910058837020967	3.0190298253900485	0.4999457583502655	0.5533801603215311	0.4156177412680072	1.9538962042851509	2.6268553784374764	1.3178663780385071	2.0075177533219137	0.7235420786943311	0.6031845803226433	0.6795664048593144	0.6828229216047491	0.6825067676506388	0.6873763109327873	0.6822606042917725	0.5602036641518521	2.999213954827593	3.0386908238293837	0.3626386212551947	0.5958260262745754	0.5659336770269575	0.5411900135636876	0.5536753931952546	0.5745220573064744	0.5576584228626614	0.564090445734287	0.4549839393895151	0.5001097292680716	0.5534686820858152	0.4155372561218009	0.6781355949270159	0.6924016926918285	0.7035146613932329	0.7011517494159409	0.7054495039152402	0.5758470463811819	0.3960746889047139	0.6373327295651056	0.5670652606459993	0.9997471128719548	0.9530956374780865	2.0077973531147264	2.5799935008665518	1.3418823231897496	2.0330459770114944	0.778217988704375	0.6600354041979263	0.5465733794149877	0.5521013864818024	0.5690293742017879	0.5478724520855638	0.5630467216332941	0.4908856002211718	2.988237141735375	3.013686840061297	0.4998946303633145	0.5533785050690426	0.4796610920396649	1.5856907431463798	2.3455007881898995	1.0753824616277163	1.9316953817922315	0.676056367634014	0.5567039564126172	0.6145282868157416	0.6345814820457493	0.6380761432244764	0.6568407684853659	0.6701694305663062	0.516071073038587	3.012150212276875	3.0366691544036257	0.3721113058978336	0.5174917538891824	0.5724268617140027	0.5464469358509652	0.5520743067590987	0.5690293742017879	0.5479249323005227	0.5631723596387908	0.4908789900613456	0.5001475174913597	0.5535348726930811	0.4795555366643867	0.614658611745219	0.6474319311740765	0.6631211699006582	0.6704243425282389	0.6897297867848851	0.5396580814494677	0.4190156684197472	0.5751054790254286	0.5743697740116331	11.0	11.0	11.0	11.0	2.0				FB13	TransE	ghat_3nn_2negrate_bern__pra	1904121033
12	0.9998360290821942	0.9665639323504808	3.5576863317660408	4.106649753234293	2.6564686457499738	3.2034578447761577	0.8470616648590988	0.7928018674396992	0.5636228688464813	0.6042634389989398	0.6160819987218141	0.6096065324998929	0.6160406843329628	0.5053420741172154	3.052285710564488	3.1034348887530925	0.4999457583502655	0.5843775666137149	0.4492438559674512	2.59594964942846	3.396694727067872	2.0049081551221684	2.762987490352548	0.7414218012584536	0.6901091013037778	0.6936517687892216	0.6734670554872146	0.6689568366364843	0.6924912841002174	0.6879211749565712	0.5849787557548066	3.062702302956054	3.1060552907204224	0.3626386212551947	0.5815299987140949	0.5949129198097759	0.5635569895266487	0.6042681097515563	0.6161081484547427	0.6096399950544543	0.6160807716070998	0.5053486402427619	0.5001097292680716	0.584502439373607	0.449176227761375	0.6950979499890328	0.6903939228092307	0.6943427762063948	0.7143594369688291	0.7149634347601721	0.6026982629189226	0.3960746889047139	0.6244571080545475	0.5968356198138219	0.9997471128719548	0.9530956374780865	2.8943985501137988	3.58612496409828	2.060945797858889	2.8055539617878247	0.8071103430835369	0.7345949591165809	0.5881522380510832	0.6344290973654665	0.6457914969304034	0.6193090392806436	0.6182870465049696	0.5421056264760747	3.0489795083643503	3.0879609741890857	0.4998946303633145	0.6139378903275734	0.4883929225418523	2.042542681414404	2.926907657135284	1.5025518461997671	2.3712005360631863	0.6978500590666212	0.6336671333139948	0.6412469993735995	0.6212126232337624	0.6180881518757235	0.6619402762355319	0.6609962018144555	0.5276683105794234	3.0614970307002523	3.0881129805589547	0.3721113058978336	0.5177651494587288	0.5452181935495958	0.5880679423417348	0.6344552077077731	0.6458488725687074	0.6193527248898758	0.6183279479733322	0.5421326541992181	0.5001475174913597	0.6141516629243425	0.4883063862461001	0.6429328153968394	0.6436319056841903	0.6494524923952671	0.6839746960760805	0.6858250036722788	0.5528840552008314	0.4190156684197472	0.5777336560177193	0.5482341635565874	12.0	12.0	12.0	12.0	3.0				FB13	TransE	ghat_5nn_2negrate_bern__pra	1904121033
13	1.0	0.999263073780005	65.67059870767365	120.3898340987755	29.145569392097002	56.929051379412925	0.5157792623560866	0.484776226958292	0.9101921993992452	0.9188102821074434	0.9502634294133828	0.9422311856973784	0.9651431231941796	0.8835957955546321	3.5765215169389886	3.640982163858474	0.5	0.9549029594584556	0.8419725994546257	48.15168056080597	86.35107020773891	22.077150171067963	42.593522063935424	0.5257654412360572	0.4805761795596314	0.9559240186081752	0.9880252131985132	0.9879248533544316	0.9899208282529016	0.9902350787951362	0.9278607192513972	3.6595802104065474	3.720480507924437	0.34954980127114965	0.9895430663195496	0.8826063205872817	0.9101921993992452	0.9188102821074434	0.9502634294133828	0.9422311856973784	0.9651431231941796	0.8835957955546321	0.5	0.9549029594584556	0.8419725994546257	0.956220080041542	0.9887634313036564	0.9888297790476084	0.9906425943468914	0.9910804305137368	0.9283613646619884	0.3502867274911447	0.9911296600311841	0.8821665322397465	1.0	0.9977612232128892	78.1886	140.52588066139472	35.9898	69.01208053691275	0.5564	0.5215	0.9411	0.9442846872753414	0.9568552253116012	0.9699662099078382	0.9684243869096244	0.9334582954159476	3.819443286709012	3.860471986964852	0.5	0.9786606127432684	0.9006	44.91457453464727	85.22812355069101	20.071787501955267	43.313495495875614	0.5269924135773503	0.4634072422962615	0.9587146097293916	0.9789444392913459	0.9792831374865508	0.9930231930455254	0.9941659039999454	0.9356395769935502	3.816276143963552	3.858253693443634	0.3497770999530737	0.9792337304942472	0.9006744681327041	0.9411	0.9442846872753414	0.9568552253116012	0.9699662099078382	0.9684243869096244	0.9334582954159476	0.5	0.9786606127432684	0.9006	0.9602690442671672	0.9822465448474168	0.9830594291259678	0.993991801005698	0.9942818260944531	0.9380866565624452	0.3520158767401846	0.9849248842113286	0.9002397415309105	13.0	13.0	13.0	0.0					NELL186	Analogy	g_2negrate_bern__pra	1904121223
14	1.0	0.9992323972418224	992.2939596011502	1366.1007059244234	85.71358685206512	142.0216996056229	0.7018732164451548	0.5405058857826026	0.9071533415234436	0.8781039934719453	0.9023036185301394	0.8857141950181391	0.9441044396392946	0.8879119702758708	3.689867564839841	3.8509553281458895	0.5	0.9698177342113552	0.8380545229901352	803.2686235339073	989.1861431431532	83.72442933383267	127.25209179755285	0.7999534865644715	0.5663786503654984	0.9886084024409562	0.988387371400864	0.9842545007671524	0.9858331201787321	0.9858108762858356	0.9834352618829604	3.7238083523714685	3.885447440538844	0.3495191247329669	0.9844940242219832	0.9832379632676884	0.9071533415234436	0.8781039934719453	0.9023036185301394	0.8857141950181391	0.9441044396392946	0.8879119702758708	0.5	0.9698177342113552	0.8380545229901352	0.9892402654443808	0.9891882542871828	0.9853859677168618	0.9866747648061032	0.9870756387620828	0.9843503023452302	0.3502867274911447	0.9864591586823912	0.9830808306646324	1.0	0.9977221179414986	1090.3894	1447.4836054692685	60.0826	105.27878044506744	0.7533	0.5707	0.9209	0.8992433293508563	0.9099351673383564	0.9217970204039034	0.9303958217520548	0.9086027965073062	3.8658247146428417	3.935988556014943	0.5	0.9792281148180556	0.8598	705.3643829188175	897.023758904927	48.40965704676991	87.45543977393145	0.7863385734396997	0.5535351165337088	0.9857363522602848	0.9832282769510028	0.978929706817379	0.9804128081940936	0.9864572501674668	0.9797031123946421	3.8604503035001727	3.9335702526137375	0.3497379946816831	0.9742391788393407	0.9856745905120156	0.9209	0.8992433293508563	0.9099351673383564	0.9217970204039034	0.9303958217520548	0.9086027965073062	0.5	0.9792281148180556	0.8598	0.9876427342405756	0.9856775204207228	0.9824090427410808	0.9813959501658148	0.9879690459510388	0.9824577993519076	0.3520158767401846	0.9800861287234528	0.9852682360742396	14.0	14.0	14.0	1.0					NELL186	Analogy	ghat_7nn_2negrate_bern__pra	1904121223
15	1.0	0.9992439792190304	366.5823816606346	576.7115190128122	54.637146957895524	93.17275725531496	0.6056838822501434	0.4882466975753455	0.8834552114244731	0.8432486178550922	0.8838173761116068	0.8759403978734188	0.9275126752786694	0.8427813069241636	3.6017913001211013	3.759090785164567	0.5	0.94859790677409	0.784834363364429	281.26466355441124	400.13453272265633	48.642168658317395	81.99119193282229	0.6796581759358983	0.508389375287921	0.9879258680423204	0.99058278329677	0.9894279514281354	0.9913415748130726	0.9930034939225292	0.9819961325554508	3.658730642605601	3.811856291025524	0.3495307067101752	0.9913164569928218	0.9740092203429508	0.8834552114244731	0.8432486178550922	0.8838173761116068	0.8759403978734188	0.9275126752786694	0.8427813069241636	0.5	0.94859790677409	0.784834363364429	0.9885289959301712	0.9914586817024441	0.9906741952538384	0.9922311762140172	0.9942004847957604	0.9828784105986759	0.3502867274911447	0.9932494163599062	0.9738449698042532	1.0	0.9977416705771938	395.2039	601.6195768001218	46.9464	90.68263473053892	0.6569	0.5177	0.8974	0.8617750038057543	0.876569441761638	0.9197062579594988	0.9539240495543856	0.872084579558102	3.860557998057359	3.9174044082054857	0.5	0.9794361346950818	0.8092	245.4612857813233	364.53545502061684	34.34504536211481	72.31250257296941	0.6733536680744564	0.4749530736743313	0.9863620366025341	0.9844648353562924	0.9811864476555102	0.98763592619074	0.9950120777003466	0.9803239548723646	3.8459086967982	3.9098903509610414	0.3497575473173784	0.9818171516409504	0.9793169677543172	0.8974	0.8617750038057543	0.876569441761638	0.9197062579594988	0.9539240495543856	0.872084579558102	0.5	0.9794361346950818	0.8092	0.9883661817613014	0.9874702363668041	0.985447285002676	0.9888866558461008	0.9960641441740964	0.9832426901661526	0.3520158767401846	0.9878494515434514	0.9791325373763476	15.0	15.0	15.0	2.0					NELL186	Analogy	ghat_3nn_2negrate_bern__pra	1904121223
16	1.0	0.9992530754934259	655.9702948205377	957.6151088110221	80.50933234176128	146.01268051713097	0.6639302028869698	0.526427886289205	0.8956345205832968	0.8669419627794793	0.9031434202003392	0.890758145085263	0.9478503050183548	0.8648874295294504	3.675201418896785	3.8136765837066937	0.5	0.9483771965062816	0.8146044258145597	529.3691300399337	681.2772252435145	72.0900904395852	121.81077566830407	0.7533882474145365	0.5593822639155416	0.9904720132717442	0.9910432366521028	0.9890387132159184	0.988348662159798	0.9895469601054612	0.986225310591428	3.7200298001300793	3.8596774928368216	0.34953980298457044	0.988034986403782	0.9848066239803016	0.8956345205832968	0.8669419627794793	0.9031434202003392	0.890758145085263	0.9478503050183548	0.8648874295294504	0.5	0.9483771965062816	0.8146044258145597	0.9910511860909872	0.9918307265980859	0.9901629016273792	0.9892017417743578	0.9906494770051398	0.9870702038889301	0.3502867274911447	0.9899134247946121	0.9846159564675058	1.0	0.9977416705771938	720.7684	1007.2224706539968	66.824	120.12223620348732	0.7156	0.5563	0.9106	0.8827557294577977	0.8950206722991192	0.921339920007592	0.9551852627798396	0.8934449774119566	3.873759427750509	3.9286020308326495	0.5	0.9753934187056924	0.8396	464.29046417957136	626.1466241248829	43.90377170342562	83.24828992492354	0.7415043797903957	0.5273834662912561	0.987026826216174	0.9849038195314253	0.9809064788210214	0.9857229558658722	0.9898557705047332	0.9814771142924616	3.8526568257219314	3.9247939777150544	0.3497575473173784	0.9786463037425962	0.9845834065785052	0.9106	0.8827557294577977	0.8950206722991192	0.921339920007592	0.9551852627798396	0.8934449774119566	0.5	0.9753934187056924	0.8396	0.9888354450179884	0.9873693092673408	0.9843729724719622	0.9866832150861684	0.9917242451226712	0.9841162316369304	0.3520158767401846	0.9843867438766924	0.984117949120466	16.0	16.0	16.0	3.0					NELL186	Analogy	ghat_5nn_2negrate_bern__pra	1904121223
17	0.9998360290821942	0.9665685018270688	8.327183982475411	8.703514239821784	5.175514020035166	5.738222217798247	0.9563869265849868	0.9012004979151576	0.7741896546810727	0.7690090253201249	0.7622587788610071	0.8209316912806279	0.8227467262330252	0.7849108576303742	3.2610936137501514	3.346776654410907	0.4999457583502655	0.8022745792981237	0.7938582064056525	7.2695842312018275	7.647195096236973	4.575890945839531	5.0182492496266535	0.9525261906531524	0.9075329765385174	0.7088730515999909	0.7024189765232853	0.6977791664993357	0.7233581484614339	0.7104670587629904	0.638727964014488	3.2449588226013737	3.3335081104757416	0.3626431907317827	0.5905507243607053	0.7101799790806231	0.7742610935132943	0.7690829205068087	0.7623489631964259	0.8211235798242787	0.8229653702611893	0.7850062676143473	0.5001097292680716	0.8024649845638704	0.7938060978179468	0.7351293018844043	0.7296435038458889	0.7284943626976336	0.755332021395166	0.7452244597924459	0.6666808848014708	0.3960746889047139	0.6335971480383648	0.7111402923085358	0.9997471128719548	0.9530998415080696	8.26256006069291	8.60587370223227	4.806309533844726	5.262564031565831	0.9601070555508724	0.9133018629351766	0.7575444659866812	0.7506968985271846	0.7465272970603166	0.795100427214181	0.8374570853557476	0.7826265169762076	3.218517203127124	3.2513651724797548	0.4998946303633145	0.7788234228545309	0.8226644684366501	7.229790176863543	7.653101775621913	4.494423354227362	4.944453951354427	0.9446875775118028	0.9089827508649791	0.6914956677471024	0.6817676115882694	0.6808622818742283	0.7122225979275217	0.7307036456749995	0.6338431837041444	3.2014891378060475	3.261001954669007	0.3721155099278168	0.5732812576703763	0.7216676830915483	0.7576287616960297	0.7507846967668298	0.7466426692510038	0.7953860868456291	0.8378253949462663	0.7827495901020415	0.5001475174913597	0.7790941463971249	0.8225598028305222	0.7278226908314308	0.7207556406034444	0.7236965640999551	0.7596917187800284	0.7670560998994458	0.6735796364440748	0.4190156684197472	0.6350789235473897	0.7231289598880337	17.0	17.0	0.0						FB13	TransE	g_2negrate_bern__pra	1527033688_1904121033
18	0.9998360290821942	0.9665634020700952	4.710654363567366	5.3966152160204	2.6126419210365435	3.258008141356552	0.8528722633095988	0.7573205832448443	0.5409363159961759	0.5821983489854521	0.6087438177588872	0.5945250892601575	0.592246600495952	0.4549448871724541	3.0666677972119487	3.1597322205460854	0.4999457583502655	0.5665695429843745	0.3874362376730952	3.195746583466456	4.152372482730607	1.8979177387422868	2.7628317922112267	0.7473166310279945	0.6382095058703234	0.7084052064544782	0.69277858194662	0.683159918908301	0.6969272047688626	0.6867354104126406	0.5788331632038234	3.0656167010514546	3.1450266741709534	0.3626380909748092	0.6101745518809297	0.5608243694146208	0.5408704366763433	0.5822020758897917	0.6087544944243072	0.5945345679228344	0.5922918723931297	0.4549541296035854	0.5001097292680716	0.5667088603326114	0.38738258787120944	0.7085329133106891	0.7056476721120762	0.7023139174175904	0.7170327509650728	0.7101801134043896	0.5955355597653557	0.3960746889047139	0.6545054915436037	0.5625486556193869	0.9997471128719548	0.9530956374780865	3.7890499873556434	4.64102630288325	2.290419792632555	3.129517118258516	0.8164250189665346	0.7318764224900952	0.5739694849532159	0.6185178493069358	0.6389184831120965	0.6066140891444843	0.6222753829875328	0.4968451745348784	3.054276119059668	3.1483053204151323	0.4998946303633145	0.6181852523083297	0.4215792258874665	2.470237569734348	3.4846874629344087	1.5741401707676983	2.5350602222026635	0.7088835357573771	0.6209478405999992	0.6585886230540596	0.6436958842367454	0.6355795075252365	0.6693448470697155	0.6566542746958092	0.5180855914062716	3.043633624971958	3.117558561441009	0.3721113058978336	0.5432264966395872	0.5017232635213529	0.5738851892438674	0.6185436617536977	0.6389472774914337	0.6066196509416123	0.622330588397663	0.4968763773132671	0.5001475174913597	0.6184263088590601	0.4215188947743415	0.6583069530451892	0.6609565887795043	0.6612323378672065	0.6906854803025249	0.6842811588629298	0.5418390918111025	0.4190156684197472	0.6051050827100155	0.5044076189361292	18.0	18.0	1.0						FB13	TransE	ghat_7nn_2negrate_bern__pra	1527033688_1904121033
19	0.9998360290821942	0.9665639323504808	2.418384254850886	2.8808679009754465	1.5092822261893375	2.0099292044857533	0.8217587166596786	0.7120830499261686	0.5294506828551396	0.5544863703059334	0.567699623853447	0.5556455018753633	0.5625087004432839	0.4374242085215073	2.997861951004922	3.0190298253900485	0.4999457583502655	0.5474013681517423	0.3722067589921129	1.9538962042851509	2.6268553784374764	1.248839211960582	1.9216635522634864	0.7235420786943311	0.612615820846432	0.6957476602680013	0.6816348468658966	0.6742118531590506	0.6859417767544664	0.6766662890738099	0.5466657369509821	2.995791015839692	3.0386908238293837	0.3626386212551947	0.5981957729120163	0.510999036765306	0.5293588907577165	0.5544580522477797	0.5676954257106395	0.555682809616825	0.5625494817598635	0.4374134832099142	0.5001097292680716	0.5474997351502487	0.3721454373194745	0.6899927057492737	0.6907760480100499	0.6971146210735253	0.6990913552980623	0.7015528149186903	0.5601850039722744	0.3960746889047139	0.6404995063859088	0.5119287408518128	0.9997471128719548	0.9530956374780865	2.0077973531147264	2.5799935008665518	1.214932984911068	1.8730628025601872	0.778217988704375	0.648634409508556	0.5266374441540925	0.5527242201039861	0.5637285161961078	0.5467388794424501	0.563025793134551	0.4538185429619129	2.999618393436367	3.013686840061297	0.4998946303633145	0.5450999712966298	0.3985951464575222	1.5856907431463798	2.3455007881898995	1.0067138358830776	1.8034440038710209	0.676056367634014	0.5582174072065482	0.6465924234971644	0.6343731636108114	0.6286380256285703	0.6565173184935184	0.6593830387866234	0.4903286388932617	3.0000835198610227	3.0366691544036257	0.3721113058978336	0.5309182603113745	0.4618409828591634	0.5265110005900699	0.5526971403812825	0.5637285161961078	0.5467913596574091	0.5630778303932282	0.4538221055841726	0.5001475174913597	0.5452724134257363	0.3985208268566789	0.6387224793687228	0.6466763881936304	0.6555996128978812	0.6695096683709654	0.6804843316740721	0.510004037547469	0.4190156684197472	0.5901310690828804	0.4634434587153294	19.0	19.0	2.0						FB13	TransE	ghat_3nn_2negrate_bern__pra	1527033688_1904121033
20	0.9998360290821942	0.9665639323504808	3.5576863317660408	4.106649753234293	2.5921261703146667	3.1701410078735988	0.8470616648590988	0.7821302120169534	0.5540155110445925	0.5932054071303061	0.6118634678291969	0.5987543081006678	0.6069416831970539	0.4728323214531908	3.0372055932826667	3.1034348887530925	0.4999457583502655	0.588435092106159	0.4079721613279298	2.59594964942846	3.396694727067872	1.9163434796509549	2.7143028790328887	0.7414218012584536	0.6758237206385724	0.7000216058681673	0.6826512840104829	0.6783223494549676	0.6959042058815726	0.6946740870401709	0.5764006323272056	3.0567418689764763	3.1060552907204224	0.3626386212551947	0.5969257111789804	0.569449523953993	0.5539280259862759	0.5931837932200235	0.6118505683251559	0.5987656319859845	0.6069570212218223	0.4728182050455186	0.5001097292680716	0.588548619868802	0.4079111040068696	0.6966952603280402	0.6923998892391656	0.6970388678246724	0.7107244404712655	0.7148352394424842	0.5919265099419783	0.3960746889047139	0.6423460606326159	0.5714531148196816	0.9997471128719548	0.9530956374780865	2.8943985501137988	3.58612496409828	2.1057700413048974	2.890537765049612	0.8071103430835369	0.7285045941161595	0.5699654387591672	0.6118958719548814	0.6222627209349417	0.6030652735811278	0.6078080121693704	0.4835419310382627	3.023267916295548	3.0879609741890857	0.4998946303633145	0.6230990642999309	0.4088394303669803	2.042542681414404	2.926907657135284	1.5033043675667497	2.3793100006653805	0.6978500590666212	0.6318236661663871	0.6546200187499738	0.6403757933196984	0.6392408011178389	0.6684391488380756	0.6674175339393406	0.5111312248128189	3.0412068128970198	3.0881129805589547	0.3721113058978336	0.5417182390024651	0.4943290320074704	0.5698389951951446	0.6118697616125748	0.6222337932829992	0.6030652735811278	0.6078080121693704	0.4835290677583584	0.5001475174913597	0.6232882839415415	0.4087622862019584	0.6497013036696978	0.6533309637911872	0.6615809435092155	0.6836196507795045	0.6853097082803741	0.5331527026722604	0.4190156684197472	0.6049009261047145	0.4973113387180534	20.0	20.0	3.0						FB13	TransE	ghat_5nn_2negrate_bern__pra	1527033688_1904121033
21	0.8013908900721634	0.6306237620171818	1.1962700087743492	2.608684371045933	1.105294146174454	2.4468716296549493	0.4118704313626793	0.4045076184177817	0.7362041102756391	0.8603607110661796	0.8645042405209514	0.8441349256013303	0.8469831768561633	0.6938562272004939	2.8347025079780463	2.844219137716133	0.4655659080675042	0.7199872333913184	0.8010125726632757	0.5946013324664253	2.431908011584979	0.5336503352011212	2.291761933749991	0.22509326091260104	0.21390241763706472	0.7080685105039131	0.8142001180018464	0.8239172871643055	0.7909924540152554	0.7991918650066587	0.7537565399032896	2.8628935359885976	2.8717549005129337	0.7115170376781269	0.8030983283418454	0.8310498110999264	0.7088857650233507	0.808585953410223	0.8090630331791979	0.7891369889338151	0.7899755882725101	0.6794605429988219	0.5001639111071997	0.7199657559639271	0.7564337270318181	0.4055719287977769	0.652232109491104	0.6721372074480385	0.6478003625094292	0.6628597047528771	0.4679375884811081	0.41170453513236405	0.4283310049638229	0.7732337340291348	0.8254750768971474	0.6495289843368803	0.9086714701049172	2.6856164383561643	0.8312897653056925	2.5036802030456853	0.3383474487001222	0.3320271352125732	0.7277840980912653	0.864321295143213	0.8711928934010152	0.8372168509888479	0.8418318211769477	0.6468049909288764	2.9495919712098937	2.965917785351603	0.4805334344583491	0.7644274435253231	0.7267533810542441	0.357346263241737	2.1722145861537983	0.3233678512471162	2.065975126269484	0.16450780945839574	0.15652068949688624	0.6254435163729158	0.8172028564637309	0.8302286428067126	0.7859079880108474	0.798174591491241	0.6493944878946127	2.9375880633425164	2.948408582710881	0.7611004476391413	0.8434076773042872	0.6967467203171382	0.7018286773690642	0.8278953922789539	0.8316624365482234	0.7928636015858663	0.7952506462567793	0.6316480339142446	0.5002528125395019	0.7478118741346275	0.7025680695275781	0.3752484286727066	0.6154315182456104	0.632205506978765	0.6321946810029021	0.6474679817459149	0.41479114622779795	0.4882802870466868	0.5006976429034246	0.6629085265667526	21.0	0.0							FB13	TransE	ghat_3nn_2negrate_bern___pra	1527033688
22	0.8013908900721634	0.6306237620171818	2.118937597616494	4.472088559829339	1.2477227121711678	2.8234212734875324	0.4464372960092611	0.4022365460129991	0.7341980991184857	0.8182705324040703	0.8490285900855836	0.8135080029339912	0.8391251185765457	0.7314118070355997	2.7186007615721643	2.926640538447409	0.4655659080675042	0.6857412792947185	0.8472506448320809	0.9413989644012144	3.6070276755321093	0.5646604932330342	2.435586302710555	0.2586947278303382	0.2185328195717944	0.7202624101318859	0.8297664587274622	0.8551271301622616	0.8024031585670938	0.8368455175418795	0.7913589785568373	2.7504949187454057	2.9316214416567834	0.7115170376781269	0.7859499340120767	0.8706653589322844	0.7180499857438057	0.7747866929832151	0.803927018621969	0.7698717284448152	0.7917203346810574	0.7241091667188547	0.5001639111071997	0.6959374123716305	0.8095219353967689	0.4215900571017844	0.6429583619461426	0.683573349770448	0.648992480122987	0.6831202344288984	0.5171460111200792	0.41170453513236405	0.43931829283909296	0.8338956677640503	0.8254750768971474	0.6495289843368803	1.7941473897105296	4.291523886313243	0.9376606413011421	2.5960685954269715	0.41806766948974	0.3611848481017992	0.7398348291408587	0.8201975408183834	0.8594260382641157	0.8233698523972242	0.8363178825802683	0.7178489434178227	2.8149953939829686	3.033195946501333	0.4805334344583491	0.7232019598790864	0.7904089972682119	0.7355392836073629	2.7789396605988976	0.36823887235059	1.7445271347798772	0.26468343089135105	0.21108234146042906	0.6693216728409019	0.8163290212350501	0.8627233041769359	0.7864446817461088	0.8380956338268767	0.7382294710558663	2.687871946518188	2.9254510657772483	0.7611004476391413	0.8314678918789703	0.7643053967058595	0.7198626385202039	0.7943458980044346	0.8288030797946804	0.8003193950282407	0.7940998045251308	0.7030967424128904	0.5002528125395019	0.7156883004063779	0.7666414748383417	0.4148525068981991	0.6325231555823903	0.6908777525411169	0.6094345902616944	0.7006606739705536	0.5069466882586382	0.4882802870466868	0.5199291339218013	0.7386577827003932	22.0	1.0							FB13	TransE	ghat_7nn_2negrate_bern___pra	1527033688
23	0.8013908900721634	0.6306237620171818	1.6404204807763907	3.622734410720935	1.1126511816134146	2.5981942758792225	0.418894137636011	0.4001045605211019	0.7323612916712615	0.8415107147865697	0.8548855605473147	0.8369481157383197	0.8470007500683806	0.7237273224409264	2.7704458254767523	2.8999296351401163	0.4655659080675042	0.6861709544221759	0.8361513625578331	0.7443426966379642	3.0511804861758978	0.5131096561423996	2.323971691998921	0.23804901715859	0.22013194584586945	0.7165662653444235	0.8323487322396417	0.8368128853040496	0.8035738593106354	0.8167169823502887	0.7832178087085663	2.80561266866098	2.909253731400636	0.7115170376781269	0.7871497643600506	0.8590704186362457	0.7110810957835921	0.7895810114358335	0.8032070668009534	0.788627618684262	0.7980587579485962	0.7124093531448298	0.5001639111071997	0.6919999718866671	0.7950745587576061	0.4144384983251811	0.6547595018489238	0.6753219069187365	0.6544754441734199	0.6683475944299391	0.5039285999808519	0.41170453513236405	0.4342670848863936	0.8129664439598938	0.8254750768971474	0.6495289843368803	1.3397800530906332	3.5369299221357062	0.8418446888298993	2.4002282556463244	0.3787974550204357	0.3507352631357182	0.7368853495133358	0.8397107897664071	0.8621456030754445	0.8309431707393778	0.8418378838309267	0.7070039918059595	2.8656873295127507	2.9950309777651984	0.4805334344583491	0.7249664454155129	0.7779521944684918	0.5189451833314349	2.3313017444169493	0.338959566267764	1.7170181799391993	0.22259889118781634	0.19741175150502294	0.6597925524951674	0.8402987810466501	0.8476881076844907	0.7918536767548371	0.8250031347962382	0.7216294558115711	2.7415473354231974	2.8934058877873947	0.7611004476391413	0.8311150693739663	0.7482375378735292	0.7121939914886445	0.8053948832035596	0.8255646323882748	0.8009403402836746	0.8001952000800819	0.6881545565589076	0.5002528125395019	0.711720139206433	0.7509792347345464	0.4052247801331867	0.651261723642807	0.6804602254622493	0.6386375400501897	0.687553605015674	0.48862149929349197	0.4882802870466868	0.5148142481412332	0.7193821533952813	23.0	2.0							FB13	TransE	ghat_5nn_2negrate_bern___pra	1527033688
24	0.8013908900721634	0.6306237620171818	3.1929674042143232	4.5664710871971765	1.822163720280449	2.790208687888351	0.6209166500576149	0.5996800980535457	0.7493667057600072	0.7647033760896951	0.7816574559706931	0.7254390115092599	0.7545999782591954	0.7641516397305448	3.0145140630324554	3.1487637926600205	0.4655659080675042	0.7177290951121413	0.8421391529222769	2.557286286186645	4.3693313202727015	1.3827388135741248	2.636247530647485	0.4917787728875698	0.4726749680961592	0.8128090464436825	0.7581472584841507	0.7577182418676925	0.7457375841649485	0.7500203021587992	0.8631073508392084	3.0446662984224724	3.1610870236715534	0.7115170376781269	0.8392298685890646	0.8945161881723606	0.7473251708394397	0.7306015383154651	0.744664586611001	0.6576550213587901	0.7080365521757362	0.7711674366664868	0.5001639111071997	0.7475280368755719	0.8180130362586668	0.5242088986290713	0.5464637519688029	0.5621539412670276	0.5477157537717529	0.5645353610037339	0.5749331799510858	0.41170453513236405	0.4492454676560006	0.8290571388412387	0.8254750768971474	0.6495289843368803	2.9129692832764507	5.322465162830087	1.2399612354106098	2.4040519565394978	0.5472970125984915	0.5157797160072473	0.7308599839885391	0.8020247902070983	0.8147618658606323	0.7547715651601611	0.7816875084953105	0.765891754874333	3.1082642381405465	3.307918736936508	0.4805334344583491	0.7083688477406218	0.8679722100773571	2.4980984262075463	5.860851182641299	0.9195677638614274	2.3174845968619597	0.4262347478820872	0.3967956313956039	0.8153662803448505	0.7831199393721829	0.798610932586099	0.7786145664752473	0.8090876652609509	0.8780063476953246	3.128152460680327	3.3151920477700028	0.7611004476391413	0.8416094820080517	0.9208643038440544	0.7262250874310032	0.7930171683732389	0.8053672085613921	0.7037109360874251	0.7784253092293054	0.7676842139761592	0.5002528125395019	0.7184366482510266	0.8490937340563484	0.5544876971490844	0.5292010689641419	0.5392855000556999	0.5870826624127008	0.5849040557454699	0.6372076548773502	0.4882802870466868	0.5137697030514232	0.8806692104470347	24.0	3.0							FB13	TransE	g_2negrate_bern___pra	1527033688
25	0.8013908900721634	0.6306237620171818	1.1962700087743492	2.608684371045933	1.008833676666038	2.2767984290789127	0.4118704313626793	0.3992519237292226	0.7345154502697345	0.8347857572568917	0.8733831067935176	0.8207315814205983	0.8556264215160295	0.6886711308388643	2.821691564079877	2.8442191377161334	0.4655659080675042	0.7213936498390245	0.7974620595356178	0.5946013324664253	2.431908011584979	0.4848910392936818	2.1608137321491188	0.22509326091260104	0.2072080483241732	0.7045549988606581	0.7726007387423393	0.8293827441134403	0.7474302139952379	0.8028040413985033	0.7466771966129301	2.8518284533837	2.8717549005129337	0.7115170376781269	0.8049982071712264	0.8266796209573799	0.7074091690342524	0.7894166921546854	0.8199525273137359	0.7716641886893689	0.8001321872122303	0.6749295876700526	0.5001639111071997	0.7229951027644048	0.7532260980133189	0.4038924185497495	0.6400206079258463	0.6855836209002167	0.6327465507019775	0.6706817922020887	0.4627372199581642	0.411704535132364	0.4426668147883495	0.7688022339983726	0.8254750768971474	0.6495289843368803	0.9086714701049172	2.6856164383561643	0.7340622761555641	2.259597924773022	0.3383474487001222	0.3248641132600177	0.7241604516917373	0.8536114570361145	0.8749675745784695	0.8335304073636132	0.846999397296444	0.6376392247355962	2.942513560830009	2.965917785351603	0.4805334344583491	0.7652056853029409	0.7223337338747915	0.357346263241737	2.1722145861537983	0.2764175947854205	1.907794844114852	0.16450780945839574	0.14488853224344905	0.6193163174922688	0.7799572150512076	0.8355138870962064	0.7663827965174366	0.7992041233055329	0.6352968751604298	2.9480035426968776	2.948408582710881	0.7611004476391413	0.8472772558779457	0.6900655456286614	0.69871065604854	0.8186799501867995	0.8352140077821012	0.7892235283206974	0.8008208248428665	0.6239320684910702	0.5002528125395019	0.7517884496947136	0.6990323575748034	0.3725214511464696	0.5988549342207249	0.6338429766612299	0.6158380512869309	0.6445432627254164	0.4053232856959639	0.4882802870466868	0.5324642986123952	0.657968500503283	0.0								FB13	TransE	ghat_3nn_2negrate_bern___pra	1527033688
26	0.8013908900721634	0.6306237620171818	2.118937597616494	4.472088559829339	1.3071404124489645	2.8942725074690188	0.4464372960092611	0.4095389677464185	0.7440169930324737	0.8387304314856454	0.8589259856556225	0.8378034463782293	0.8545181531467457	0.7434000554382559	2.724885252708087	2.926640538447409	0.4655659080675042	0.6875218168863612	0.8511707731916205	0.9413989644012144	3.607027675532109	0.6041837269360392	2.4723400180247017	0.2586947278303382	0.2261814287124485	0.7254915909741554	0.8460884292009235	0.8530596110961556	0.8155581853383127	0.8361731703783574	0.7977958871019002	2.7592016416716896	2.9316214416567834	0.7115170376781269	0.7851525567312717	0.8728779360706348	0.7263686140805129	0.7914896608544584	0.812266174599786	0.7925152670615178	0.8060821577416558	0.7345195356205384	0.5001639111071997	0.6989610935553899	0.8122621582727129	0.42330890790974507	0.6496702287628076	0.6752130457192161	0.6491535246125014	0.6726883624834779	0.5199117071475168	0.411704535132364	0.4362949643202375	0.8297341903026524	0.8254750768971474	0.6495289843368803	1.7941473897105296	4.291523886313243	0.9800488770909704	2.618133723547951	0.41806766948974	0.37433110015590093	0.7463658197446593	0.8358193912517637	0.8616614137775777	0.8417233240567865	0.8515875233775446	0.7326213185745609	2.8193856273780606	3.033195946501333	0.4805334344583491	0.714735870008765	0.8043510079032568	0.7355392836073629	2.7789396605988976	0.40373548317995506	1.7840582976485613	0.26468343089135105	0.22630173224276898	0.6787113841111057	0.8518042727027478	0.8582675982270302	0.8015171897319262	0.8391626943354276	0.7524251105726456	2.685041856861325	2.9254510657772483	0.7611004476391413	0.8266081127189502	0.7762458748019608	0.7246239413474909	0.8057347309010279	0.8287933363349842	0.8147743685489837	0.7988993744491498	0.7161956071826299	0.5002528125395019	0.7080888017213355	0.7779200671846508	0.4224435010719198	0.6612026771835617	0.6939673953872737	0.6166160474480055	0.701788812343142	0.5203982868099077	0.4882802870466868	0.5173634256434605	0.7493144478029146	1.0								FB13	TransE	ghat_7nn_2negrate_bern___pra	1527033688
27	0.8013908900721634	0.6306237620171818	1.640420480776391	3.622734410720935	1.3499816239171292	2.99569626981014	0.418894137636011	0.409661193210359	0.7386537884782787	0.8511944662247808	0.8623961196706895	0.8472832345300663	0.8539853801034771	0.7261350871922289	2.8174360959568503	2.899929635140116	0.4655659080675042	0.6943373951157861	0.8316287181983698	0.7443426966379642	3.0511804861758978	0.6281071555623664	2.6143117730076417	0.23804901715859	0.22572024997555926	0.7157824038403847	0.8268156102940505	0.8428735648440562	0.7967810671253173	0.81547958746453	0.7798138201811218	2.8297896988690927	2.9092537314006357	0.7115170376781269	0.7900398130775887	0.8522469807270008	0.7159817426929088	0.7967187641422429	0.8076720020114466	0.7964187118089603	0.8018545626734559	0.7135119553812281	0.5001639111071997	0.6991877652158617	0.7898223669965873	0.4170520773305082	0.6617490778463401	0.6862606206353249	0.6563602304559583	0.6721311296892779	0.5022139034400486	0.411704535132364	0.4393134700601128	0.8064707711739213	0.8254750768971474	0.6495289843368803	1.3397800530906332	3.5369299221357062	1.01224034045422	2.775839158819112	0.3787974550204357	0.3646610205199512	0.7435216786752623	0.857230255839822	0.8713386099716909	0.849278233795641	0.8548920848336005	0.708974273263945	2.892376214956189	2.9950309777651984	0.4805334344583491	0.7344780514402345	0.7733738707037047	0.5189451833314349	2.3313017444169493	0.3958537700804322	1.9483703610727583	0.22259889118781634	0.2031717264793938	0.65611691321105	0.8237863929367916	0.8507844860047696	0.7853932289789741	0.8142501288438413	0.714384993649539	2.7885801408692665	2.8934058877873947	0.7611004476391413	0.8330391269652544	0.7408541633632458	0.7179033413390637	0.8204671857619578	0.8331503841931943	0.8164134981287543	0.8133078027764481	0.6893125892272093	0.5002528125395019	0.7200297074294614	0.7459686881689407	0.40641485760723023	0.6566080102648704	0.6829588720137233	0.6400528105568696	0.6749098093111149	0.4853910935104149	0.4882802870466868	0.5244304619134971	0.7139901337735057	2.0								FB13	TransE	ghat_5nn_2negrate_bern___pra	1527033688
28	0.8013908900721634	0.6306237620171818	3.1929674042143232	4.5664710871971765	1.68850344407931	2.6854711290916486	0.6209166500576149	0.6001213075828976	0.7492513720929017	0.7660523683438092	0.7844460221029664	0.7110326153090317	0.7551107354701626	0.7631490763137888	2.9832721542314564	3.1487637926600205	0.4655659080675042	0.7155510027312127	0.8412673753167512	2.557286286186645	4.3693313202727015	1.302451839608785	2.5827815532801934	0.4917787728875698	0.47136375700342104	0.8114260544128065	0.7441837214945941	0.7404866650644504	0.7331019303831925	0.7415362827646926	0.8615238992365367	3.0256087800638527	3.1610870236715534	0.7115170376781269	0.8405969779395402	0.8882855494141659	0.7517750508307958	0.7368572406846197	0.7525080673757485	0.6689784640657807	0.7210839172588741	0.7757055350821462	0.5001639111071997	0.75052652977842	0.8213386869391665	0.532183294463225	0.5914346422886287	0.6205408424549127	0.5943797158500529	0.6014007615666231	0.579592764769588	0.411704535132364	0.4558216906046446	0.8296327344700375	0.8254750768971474	0.6495289843368803	2.9129692832764507	5.3224651628300865	1.1812665908229047	2.2987987372391454	0.5472970125984915	0.5138625542493575	0.7313445413559179	0.8029101547463238	0.8191136074781682	0.7485300180086355	0.7775994292848225	0.765623349269004	3.0741929730693776	3.3079187369365077	0.4805334344583491	0.7088281385599273	0.8663080338972118	2.4980984262075463	5.860851182641299	0.8895761114048525	2.2567422442087652	0.4262347478820872	0.394185961506094	0.8113778206961273	0.7737625144589366	0.7918519445007526	0.7731802794931719	0.8022058458163082	0.8745689164013736	3.0973576482190017	3.3151920477700028	0.7611004476391413	0.8444827043082858	0.9092989521868282	0.7271731344541356	0.7947494033412887	0.8104218769218154	0.7077393738202175	0.7838237916889602	0.7682344623594789	0.5002528125395019	0.7198240371995157	0.8479149243597929	0.5669869108478962	0.5585257867655857	0.5711660966363178	0.5972876884986396	0.5955955707258154	0.6430424133066988	0.4882802870466868	0.5241006369070129	0.8786259481228841	3.0								FB13	TransE	g_2negrate_bern___pra	1527033688
0	0.9998360290821939	0.9665639323504808	2.418384254850886	2.8808679009754465	1.5559907768786996	2.0498007409620236	0.8217587166596786	0.7176400262346819	0.5263104024811304	0.5503579440400068	0.5608323279932368	0.5525796705439742	0.5598602146372048	0.4283796726359364	3.0069009838642797	3.019029825390049	0.4999457583502655	0.5468166596403004	0.35981766466151105	1.9538962042851509	2.6268553784374764	1.2930929798826067	1.9559972745729175	0.7235420786943311	0.6210786882320013	0.6966991199737835	0.6831132280207038	0.6748649659252489	0.6865309863079221	0.6758984705664701	0.5448183998828456	3.002922162408327	3.0386908238293833	0.3626386212551947	0.6008143085845798	0.5038397693751339	0.526218610383707	0.5503296259818532	0.5608281455060213	0.552616978285436	0.5599034538639491	0.42837018184116377	0.5001097292680716	0.5469163708762047	0.35975886235205884	0.6904923742497047	0.6914969689305952	0.6974694445860077	0.6993336581232075	0.7008106081540415	0.557990829040331	0.3960746889047139	0.6431269545860506	0.5046554855954037	0.9997471128719548	0.9530956374780865	2.0077973531147264	2.5799935008665513	1.2247112871954817	1.8926268481729955	0.778217988704375	0.6470960128129478	0.521158223046447	0.5456834922010398	0.5565036149286784	0.5408820874530302	0.5544351716424331	0.4449502203963656	3.0140411253549	3.013686840061297	0.4998946303633145	0.5406340987079988	0.38645451503249784	1.58569074314638	2.3455007881898995	1.0178650254133612	1.8279565427475615	0.676056367634014	0.5568321793271029	0.6481247924260196	0.6366397925521495	0.6330632984024401	0.6566154139828492	0.6617888495827422	0.48587658806412115	3.013883812131763	3.0366691544036257	0.37211130589783364	0.532110371915143	0.45172572733566285	0.5210317794824243	0.5456564124783362	0.5565036149286784	0.5409345676679892	0.5544867934268262	0.44495580055067785	0.5001475174913597	0.540808727276683	0.38638429324606566	0.63933416573127	0.6475811742319424	0.6591935191616586	0.6689820737121321	0.6818370495195495	0.5047592860431535	0.4190156684197472	0.5911490605787978	0.4530126477208283									FB13	TransE	ghat_3nn_2negrate_bern___pra	1527033688_1904121033
1	0.9998360290821939	0.9665634020700952	4.710654363567366	5.3966152160203995	3.144826733038166	3.8030463704744357	0.8528722633095988	0.8029613628328347	0.553953477649501	0.5974036479931887	0.6183436908239104	0.6201491106203004	0.6272605707909092	0.4571936639378366	3.0882164993066836	3.159732220546085	0.4999457583502655	0.601295107774446	0.37868784732174354	3.195746583466455	4.152372482730607	2.2069644307119898	3.1150369493970045	0.7473166310279945	0.6821685860657192	0.7151113419382206	0.7025329775444679	0.6984343614094655	0.7109859506475588	0.7092583457379528	0.5787822691699607	3.0902742221560544	3.1450266741709534	0.36263809097480915	0.6151354709443071	0.558655449986868	0.5538659925911842	0.5973815860821373	0.6183239213237951	0.6201420238952507	0.6272693458354082	0.45718950746808007	0.5001097292680716	0.6014447835951818	0.378629286011341	0.7136612974240875	0.7129965101997178	0.711711934986166	0.7290561109431504	0.7290737348700451	0.5947545584247956	0.3960746889047139	0.661020670588651	0.5607199286149444	0.9997471128719548	0.9530956374780865	3.789049987355644	4.64102630288325	2.5953384472730336	3.373989753705378	0.8164250189665346	0.7692194217314339	0.5775520526005227	0.6229059652564467	0.6419550149310977	0.6309970077531452	0.6516556506487812	0.46853606347675636	3.0544683891712814	3.1483053204151323	0.4998946303633145	0.6475331225441014	0.37318145079846954	2.4702375697343473	3.4846874629344087	1.7350935606872748	2.6932310563545716	0.7088835357573771	0.6442423707365881	0.6710619800140415	0.6612916617245879	0.6558919109394169	0.686989863645956	0.678165542623779	0.49937014343179215	3.050009510044909	3.1175585614410095	0.37211130589783364	0.5610030326803739	0.4606682186380405	0.5774256090365001	0.6228801528096848	0.6419276184214131	0.6309691987675058	0.6516718904785878	0.4685380874368777	0.5001475174913597	0.6477804641527747	0.37310685708217756	0.6678374890169717	0.6744010200450717	0.6736935866983373	0.7055904817661355	0.7023028846328577	0.5214243834099459	0.4190156684197472	0.6252652462646994	0.46378925792576836									FB13	TransE	ghat_7nn_2negrate_bern___pra	1527033688_1904121033
2	0.9998360290821939	0.9665685018270688	8.32718398247541	8.703514239821784	5.472727270708444	6.119315406375492	0.9563869265849867	0.8890083557229739	0.7858255864093479	0.7809842849479457	0.7702884983222642	0.8229021716556633	0.8235080022682819	0.7890443134847546	3.247370786237268	3.346776654410907	0.4999457583502655	0.8120844022902522	0.7800258726568974	7.269584231201828	7.647195096236973	4.85271872496613	5.42523497861554	0.9525261906531524	0.8896153165853157	0.7095567947086919	0.7029353664698309	0.694383179085308	0.7233375546708609	0.7064838960447777	0.6357806325694855	3.2400478389436023	3.333508110475742	0.3626431907317827	0.5910356152741831	0.6926864643191076	0.7859432912843616	0.781105820745518	0.7704195753878879	0.8231240105320514	0.8237640041052716	0.7891898293613118	0.5001097292680716	0.8123367387001904	0.7800378476121941	0.7290007507589854	0.7232627963856603	0.7157268238307875	0.7507050735990328	0.7362308352708457	0.6615426133237284	0.3960746889047139	0.6345439043123031	0.6939537662031177	0.9997471128719548	0.9530998415080696	8.26256006069291	8.60587370223227	5.424218157295794	5.913205293144642	0.9601070555508725	0.9173059091292253	0.7690719042400742	0.7627033077986787	0.7574205109354898	0.7981585155901294	0.8009363223124442	0.7840389379871116	3.1622634912001244	3.251365172479755	0.4998946303633145	0.7836377749056076	0.802674210124869	7.229790176863541	7.653101775621913	4.821471662735899	5.345674380015056	0.9446875775118028	0.9019388986282251	0.6893390003657506	0.6794846691290998	0.6730888895621593	0.7106066451768405	0.6993008791762616	0.6299067764694695	3.1621279326583944	3.261001954669007	0.3721155099278168	0.574941012611045	0.7025315922332199	0.769240495658771	0.7628789042779692	0.757604300680022	0.7984900848052031	0.8013054120206691	0.7842480976277536	0.5001475174913597	0.7840022394901288	0.8026771169911664	0.7165979307764423	0.708873659383205	0.7046888364255867	0.7516834779443383	0.7460821593399072	0.6667147530136331	0.4190156684197472	0.6372840074364013	0.704380642659707									FB13	TransE	g_2negrate_bern__pra	1527033688_1904121033
3	0.9998360290821939	0.9665639323504808	3.557686331766041	4.106649753234292	2.6084378886773303	3.1910865056701136	0.8470616648590988	0.7834504613683849	0.5436637339997199	0.5807280467326412	0.5995611693261422	0.5969147803634133	0.6035994389281942	0.45036033150760674	3.053466987233758	3.1034348887530925	0.4999457583502655	0.5779360698204447	0.37651341105729036	2.59594964942846	3.3966947270678722	1.9599357434697515	2.7525391386627205	0.7414218012584536	0.6774975662519517	0.7074614718183375	0.6934194432369791	0.6897660947184071	0.6995513922446438	0.6946514753190414	0.5683874750589093	3.063874499236476	3.1060552907204224	0.3626386212551947	0.6111413534341557	0.5429174739429781	0.543576248941403	0.5807064328223587	0.5995610501911202	0.59692610424873	0.6036299029923613	0.45035019476836907	0.5001097292680716	0.5780527545816058	0.37645142761606676	0.7048516051075336	0.7041799282703923	0.7073447740404004	0.7169207988388558	0.7162209456238432	0.5837775714160419	0.3960746889047139	0.655580695340672	0.5446290914031301	0.9997471128719548	0.9530956374780865	2.894398550113799	3.5861249640982793	2.0580586698137067	2.819092431152936	0.807110343083537	0.7300429908117677	0.5621259377897665	0.6021828246168307	0.6193349113792507	0.6011358258400379	0.606508360724562	0.47071733771156066	3.041542510162914	3.0879609741890857	0.4998946303633145	0.6065373167196283	0.38987284938130784	2.0425426814144036	2.926907657135284	1.4867741216730357	2.381591972793697	0.6978500590666212	0.6242774323466475	0.6604110700517516	0.6486742110478898	0.6477120441765716	0.6739449237270082	0.6713331796993959	0.5039152784113321	3.0543977243326466	3.0881129805589547	0.37211130589783364	0.5469177303035994	0.4743090970021436	0.5619994942257439	0.6021567142745241	0.6193349113792507	0.6011358258400379	0.6065186004362118	0.4707108515618888	0.5001475174913597	0.606730897522295	0.3897926407109233	0.6560809191691155	0.6624727778765087	0.6699720529310751	0.6912268821774465	0.6924399378489458	0.5254646446188985	0.4190156684197472	0.6085757762108291	0.47674414936700865									FB13	TransE	ghat_5nn_2negrate_bern___pra	1527033688_1904121033
